{
    "Linear Regression": {
        "r2": 0.9938294385548639,
        "mse": 26.090413877289016,
        "rmse": 5.107877629435636,
        "mae": 4.042118652939248
    },
    "Random Forest Regressor": {
        "r2": 0.9939801614815166,
        "mse": 25.453126075825832,
        "rmse": 5.045109124273313,
        "mae": 3.537842342342341
    },
    "Gradient Boosting Regressor": {
        "r2": 0.9904654256124997,
        "mse": 40.31415846442444,
        "rmse": 6.349343152202788,
        "mae": 4.532023209839929
    }
}